0.000000000000000000e+00,1.576032683409919866e+00,1.526563970191726849e+00,1.891239220091903661e+01,1.831876764230072041e+01,0.000000000000000000e+00
0.000000000000000000e+00,1.284248677126669236e+00,1.172076762010739737e+00,1.541098412552003083e+01,1.406492114412887773e+01,-3.501408075399005781e+00
0.000000000000000000e+00,1.380423422779172959e+00,1.490180547610986617e+00,1.656508107335007551e+01,1.788216657133184029e+01,1.154096947830044684e+00
0.000000000000000000e+00,1.532522871567050693e+00,1.489394939483002167e+00,1.839027445880460832e+01,1.787273927379602512e+01,1.825193385454532802e+00
0.000000000000000000e+00,5.996862483214218109e-01,8.188373600864228274e-01,7.196234979857061731e+00,9.826048321037074373e+00,-1.119403947894754658e+01
0.000000000000000000e+00,7.464131462567218378e-01,3.625737504513160125e-01,8.956957755080662054e+00,4.350885005415792151e+00,1.760722775223600323e+00
0.000000000000000000e+00,9.616682930501896820e+00,9.721136788551103081e+00,8.956957755080662054e+00,4.350885005415792151e+00,0.000000000000000000e+00
0.000000000000000000e+00,1.452066387468370801e+00,1.679325217244530100e+00,1.742479664962045049e+01,2.015190260693436031e+01,8.467838894539788441e+00
0.000000000000000000e+00,1.241156373462281470e+00,1.412303950393658081e+00,1.489387648154737676e+01,1.694764740472389519e+01,-2.530920168073073739e+00
0.000000000000000000e+00,1.350189937775772897e+00,1.843787962129591174e+00,1.620227925330927476e+01,2.212545554555509497e+01,1.308402771761898009e+00
0.000000000000000000e+00,1.350189937775772897e+00,1.350189937775772897e+00,1.620227925330927476e+01,1.620227925330927476e+01,0.000000000000000000e+00
1.000000000000000000e+00,1.392021133205134431e+00,1.137613002424378017e+00,1.670425359846161228e+01,1.365135602909253620e+01,5.019743451523375199e-01
1.000000000000000000e+00,1.351934855527362478e+00,1.021743630014990245e+00,1.622321826632834885e+01,1.226092356017988294e+01,-4.810353321332634380e-01
1.000000000000000000e+00,1.432419565856579036e+00,1.264366819848168122e+00,1.718903479027894932e+01,1.517240183817801835e+01,9.658165239506004696e-01
1.000000000000000000e+00,1.027028536928001889e+00,1.252879740316609425e+00,1.232434244313602179e+01,1.503455688379931310e+01,-4.864692347142927531e+00
1.000000000000000000e+00,9.487989744783791313e-01,5.636340679378423202e-01,1.138558769374055046e+01,6.763608815254107398e+00,-9.387547493954713218e-01
1.000000000000000000e+00,1.293086260007009880e+00,1.205594222702744744e+00,1.551703512008411856e+01,1.446713067243293693e+01,4.131447426343568097e+00
1.000000000000000000e+00,1.100688027892542165e+00,1.164928379850519669e+00,1.320825633471050509e+01,1.397914055820623602e+01,-2.308778785373613474e+00
1.000000000000000000e+00,1.079845385656080481e+01,1.067654042779627943e+01,1.320825633471050509e+01,1.397914055820623602e+01,0.000000000000000000e+00
1.000000000000000000e+00,2.528641033274759753e+00,1.838051466708174209e+00,3.034369239929711881e+01,2.205661760049808962e+01,1.713543606458661372e+01
1.000000000000000000e+00,2.444433058728695318e+00,2.257006479881893846e+00,2.933319670474434560e+01,2.708407775858272615e+01,-1.010495694552773216e+00
1.000000000000000000e+00,2.055704617008320856e+00,2.182486672253288518e+00,2.466845540409985205e+01,2.618984006703946221e+01,-4.664741300644493549e+00
1.000000000000000000e+00,2.842801019009955521e+00,2.248733905313460735e+00,3.411361222811946448e+01,2.698480686376152704e+01,9.445156824019612429e+00
1.000000000000000000e+00,2.393465931971817007e+00,2.844868891017978907e+00,2.872159118366180408e+01,3.413842669221574511e+01,-5.392021044457660395e+00
1.000000000000000000e+00,2.559040050171987879e+00,1.923338888347729148e+00,3.070848060206385455e+01,2.308006666017275066e+01,1.986889418402050467e+00
1.000000000000000000e+00,2.688839304217484294e+00,2.471687640472405523e+00,3.226607165060980975e+01,2.966025168566886805e+01,1.557591048545955204e+00
1.000000000000000000e+00,2.890533286037352489e+00,2.624881755305072506e+00,3.468639943244822632e+01,3.149858106366087185e+01,2.420327781838416570e+00
1.000000000000000000e+00,2.723440835415358752e+00,2.503525779133575657e+00,3.268129002498430680e+01,3.004230934960290966e+01,-2.005109407463919524e+00
1.000000000000000000e+00,2.492640669730435299e+00,2.150599617658119467e+00,2.991168803676522359e+01,2.580719541189743182e+01,-2.769601988219083211e+00
1.000000000000000000e+00,2.183481964715441759e+00,2.744662435035289949e+00,2.620178357658529933e+01,3.293594922042348117e+01,-3.709904460179924257e+00
1.000000000000000000e+00,2.183481964715441759e+00,2.183481964715441759e+00,2.620178357658529933e+01,2.620178357658529933e+01,0.000000000000000000e+00
2.000000000000000000e+00,9.150050317252899079e-01,1.464921121711115326e+00,1.098006038070347934e+01,1.757905346053338391e+01,-1.522172319588181999e+01
2.000000000000000000e+00,1.478071928385537470e+00,1.208998611344504814e+00,1.773686314062645053e+01,1.450798333613405688e+01,6.756802759922971191e+00
2.000000000000000000e+00,3.600824047821460372e-01,1.282111722404151610e+00,4.320988857385752446e+00,1.538534066884981932e+01,-1.341587428324069720e+01
2.000000000000000000e+00,9.381821859907912842e-01,1.361558767729895258e+00,1.125818623188949630e+01,1.633870521275874310e+01,6.937197374503743852e+00
2.000000000000000000e+00,8.893247747675285808e-01,1.351161688809705552e+00,1.067189729721034297e+01,1.621394026571646663e+01,-5.862889346791533285e-01
2.000000000000000000e+00,1.047275272542823377e+00,1.591709636913612114e+00,1.256730327051388052e+01,1.910051564296334448e+01,1.895405973303537550e+00
2.000000000000000000e+00,1.015306845138502778e+00,1.492041574079272070e+00,1.218368214166203245e+01,1.790449888895126662e+01,-3.836211288518480700e-01
2.000000000000000000e+00,8.969012153078484983e-01,1.493277670677230384e+00,1.076281458369418154e+01,1.791933204812676550e+01,-1.420867557967850914e+00
2.000000000000000000e+00,9.240206885798736280e-01,1.303370261213730119e+00,1.108824826295848354e+01,1.564044313456476232e+01,3.254336792643020004e-01
2.000000000000000000e+00,1.149309996256736133e+00,1.547068115449155679e+00,1.379171995508083270e+01,1.856481738538986903e+01,2.703471692122349168e+00
2.000000000000000000e+00,8.566388532576404424e-01,1.517673105538911660e+00,1.027966623909168575e+01,1.821207726646694169e+01,-3.512053715989146951e+00
2.000000000000000000e+00,1.118236619699262135e+00,1.636009198870927328e+00,1.341883943639114563e+01,1.963211038645112794e+01,3.139173197299459872e+00
2.000000000000000000e+00,1.027473700254499356e+00,1.540423606390005196e+00,1.232968440305399227e+01,1.848508327668006146e+01,-1.089155033337153355e+00
2.000000000000000000e+00,1.116641451271771279e+00,1.895224692016736157e+00,1.339969741526125446e+01,2.274269630420083388e+01,1.070013012207262193e+00
2.000000000000000000e+00,0.000000000000000000e+00,4.705957754040189789e-01,0.000000000000000000e+00,5.647149304848227303e+00,-1.339969741526125446e+01
2.000000000000000000e+00,1.153086852508772076e+01,5.888977759064469630e+00,0.000000000000000000e+00,7.066773310877363201e+01,0.000000000000000000e+00
2.000000000000000000e+00,1.550216130558794481e+00,1.457419504246920239e+00,1.860259356670553288e+01,1.748903405096304198e+01,1.860259356670553288e+01
2.000000000000000000e+00,1.682269906126526715e+00,1.499437754336317985e+00,2.018723887351832147e+01,1.799325305203581493e+01,1.584645306812788590e+00
2.000000000000000000e+00,1.858311034928472827e+00,1.829187237635434338e+00,2.229973241914167303e+01,2.195024685162521294e+01,2.112493545623351565e+00
2.000000000000000000e+00,1.777764310274912996e+00,1.683693314303554844e+00,2.133317172329895683e+01,2.020431977164265902e+01,-9.665606958427161999e-01
2.000000000000000000e+00,1.767931936975408069e+00,1.550044811413347379e+00,2.121518324370489594e+01,1.860053773696017032e+01,-1.179884795940608910e-01
2.000000000000000000e+00,1.670589633546560204e+00,1.707026521055617918e+00,2.004707560255872068e+01,2.048431825266741413e+01,-1.168107641146175268e+00
2.000000000000000000e+00,1.675890376851346009e+00,1.627908259571334337e+00,2.011068452221615388e+01,1.953489911485601027e+01,6.360891965743320497e-02
2.000000000000000000e+00,2.204562048291236032e+00,1.935366867116006917e+00,2.645474457949483238e+01,2.322440240539208389e+01,6.344060057278678499e+00
2.000000000000000000e+00,1.830358591035753157e+00,1.775454165788863836e+00,2.196430309242903789e+01,2.130544998946636781e+01,-4.490441487065794490e+00
2.000000000000000000e+00,2.056382301144948244e+00,1.877783903603025273e+00,2.467658761373937892e+01,2.253340684323630327e+01,2.712284521310341034e+00
2.000000000000000000e+00,1.808929273590856202e+00,1.723531319126904160e+00,2.170715128309027619e+01,2.068237582952285081e+01,-2.969436330649102729e+00
2.000000000000000000e+00,2.082130622618558746e+00,1.645829209986825248e+00,2.498556747142270495e+01,1.974995051984190297e+01,3.278416188332428760e+00
2.000000000000000000e+00,2.795215971492049256e+00,2.071904723593229303e+00,3.354259165790459463e+01,2.486285668311874986e+01,8.557024186481889672e+00
2.000000000000000000e+00,1.770266993366980568e+00,1.706255552364214667e+00,2.124320392040376504e+01,2.047506662837057689e+01,-1.229938773750082959e+01
2.000000000000000000e+00,1.966501869086037413e+00,1.918348122676926781e+00,2.359802242903244718e+01,2.302017747212312315e+01,2.354818508628682139e+00
2.000000000000000000e+00,1.500510217826592552e+00,2.220291504709556829e+00,1.800612261391911062e+01,2.664349805651468017e+01,-5.591899815113336558e+00
2.000000000000000000e+00,2.224128795538642844e+00,1.772810791914952500e+00,2.668954554646371236e+01,2.127372950297942822e+01,8.683422932544601736e+00
2.000000000000000000e+00,2.127965250812558828e+00,1.621516523236703256e+00,2.553558300975070594e+01,1.945819827884043818e+01,-1.153962536713006415e+00
2.000000000000000000e+00,2.192039091779948379e+00,2.246984433872599940e+00,2.630446910135938055e+01,2.696381320647120106e+01,7.688860916086746045e-01
2.000000000000000000e+00,2.860620904673933040e+00,1.884997954261516950e+00,3.432745085608719648e+01,2.261997545113820252e+01,8.022981754727815940e+00
2.000000000000000000e+00,2.019302057619752677e+00,2.072692494503891147e+00,2.423162469143703390e+01,2.487230993404669377e+01,-1.009582616465016258e+01
2.000000000000000000e+00,2.041372252452064995e+00,2.035922486419048827e+00,2.449646702942477816e+01,2.443106983702858770e+01,2.648423379877442585e-01
2.000000000000000000e+00,2.386516654714546881e+00,1.816686135615875664e+00,2.863819985657456257e+01,2.180023362739050796e+01,4.141732827149784413e+00
2.000000000000000000e+00,2.235325623347048651e+00,2.221587129995762133e+00,2.682390748016458559e+01,2.665904555994914560e+01,-1.814292376409976981e+00
2.000000000000000000e+00,2.176291475770436801e+00,2.150386613077688747e+00,2.611549770924523983e+01,2.580463935693226318e+01,-7.084097709193457604e-01
2.000000000000000000e+00,1.356774218007315680e+00,1.299610688378085355e+00,1.628129061608778727e+01,1.559532826053702337e+01,-9.834207093157452562e+00
2.000000000000000000e+00,9.660809234655680644e-01,9.903642030458936762e-01,1.159297108158681766e+01,1.188437043655072500e+01,-4.688319534500969610e+00
2.000000000000000000e+00,1.210306230956362139e+00,1.252721050780090772e+00,1.452367477147634567e+01,1.503265260936109016e+01,2.930703689889528007e+00
2.000000000000000000e+00,1.090399940294189962e+00,1.085658116625280334e+00,1.308479928353028043e+01,1.302789739950336312e+01,-1.438875487946065235e+00
2.000000000000000000e+00,1.420091439447721093e+00,1.651532642348499946e+00,1.704109727337265312e+01,1.981839170818199847e+01,3.956297989842372687e+00
2.000000000000000000e+00,1.420091439447721093e+00,1.420091439447721093e+00,1.704109727337265312e+01,1.704109727337265312e+01,0.000000000000000000e+00
3.000000000000000000e+00,9.950722219010462055e+00,1.524615443029318307e+01,1.704109727337265312e+01,1.704109727337265312e+01,0.000000000000000000e+00
3.000000000000000000e+00,4.791276118904054249e-01,2.729029463202801153e-01,5.749531342684864654e+00,3.274835355843361384e+00,-1.129156593068778847e+01
3.000000000000000000e+00,7.024133693763885411e-01,8.402319982257547837e-01,8.428960432516662493e+00,1.008278397870905785e+01,2.679429089831797839e+00
3.000000000000000000e+00,1.086181537648897022e+00,6.883025258724519979e-01,1.303417845178676515e+01,8.259630310469423975e+00,4.605218019270102658e+00
3.000000000000000000e+00,1.208782900858648146e+00,7.831860356960608227e-01,1.450539481030377686e+01,9.398232428352729428e+00,1.471216358517011713e+00
3.000000000000000000e+00,1.260496749555709339e+00,9.288772019538975577e-01,1.512596099466851207e+01,1.114652642344677069e+01,6.205661843647352072e-01
3.000000000000000000e+00,1.145899834734165568e+00,9.339358552097446475e-01,1.375079801680998770e+01,1.120723026251693533e+01,-1.375162977858524371e+00
3.000000000000000000e+00,2.582261690717512881e+00,2.125308153173760761e+00,3.098714028861015635e+01,2.550369783808513091e+01,1.723634227180016865e+01
3.000000000000000000e+00,1.401080673788553721e+00,1.106175441569006823e+00,1.681296808546264288e+01,1.327410529882808277e+01,-1.417417220314751347e+01
3.000000000000000000e+00,1.552020094009462392e+00,1.124154894056526688e+00,1.862424112811354959e+01,1.348985872867832114e+01,1.811273042650906717e+00
3.000000000000000000e+00,1.410704081513454611e+00,1.366330767426142012e+00,1.692844897816145533e+01,1.639596920911370503e+01,-1.695792149952094263e+00
3.000000000000000000e+00,1.638956106095442955e+00,1.827814058255587737e+00,1.966747327314531546e+01,2.193376869906705195e+01,2.739024294983860131e+00
3.000000000000000000e+00,1.557335465973352484e+00,1.689026656706801743e+00,1.868802559168022981e+01,2.026831988048162003e+01,-9.794476814650856511e-01
3.000000000000000000e+00,1.542883068906487631e+00,2.104460888318688383e+00,1.851459682687785246e+01,2.525353065982426060e+01,-1.734287648023773443e-01
3.000000000000000000e+00,9.981525468443360083e+00,8.632067976781531371e+00,1.851459682687785246e+01,2.525353065982426060e+01,0.000000000000000000e+00
3.000000000000000000e+00,3.047063019381686111e+00,3.104415995721040655e+00,3.656475623258023688e+01,3.725299194865248609e+01,1.805015940570238442e+01
3.000000000000000000e+00,3.225317948045849370e+00,2.911980150112857046e+00,3.870381537655019599e+01,3.494376180135428456e+01,2.139059143969959109e+00
3.000000000000000000e+00,3.256334402902723468e+00,2.938278981816870861e+00,3.907601283483268162e+01,3.525934778180244678e+01,3.721974582824856270e-01
3.000000000000000000e+00,2.932064440178713038e+00,2.846017876073103636e+00,3.518477328214455468e+01,3.415221451287724364e+01,-3.891239552688126935e+00
3.000000000000000000e+00,3.222007760443875490e+00,3.085668582711487140e+00,3.866409312532650233e+01,3.702802299253784213e+01,3.479319843181947647e+00
3.000000000000000000e+00,3.184070562481483790e+00,2.942208385074069454e+00,3.820884674977780548e+01,3.530650062088883345e+01,-4.552463755486968466e-01
3.000000000000000000e+00,3.260221296398813529e+00,3.024813869822585488e+00,3.912265555678575879e+01,3.629776643787102586e+01,9.138088070079533054e-01
3.000000000000000000e+00,3.122756523054155409e+00,3.088084875639831139e+00,3.747307827664986490e+01,3.705701850767797367e+01,-1.649577280135893886e+00
3.000000000000000000e+00,3.392338326271844284e+00,3.058542481838643301e+00,4.070805991526213319e+01,3.670250978206372139e+01,3.234981638612268284e+00
3.000000000000000000e+00,3.181993927302637193e+00,2.945373927444747242e+00,3.818392712763164809e+01,3.534448712933696868e+01,-2.524132787630485097e+00
3.000000000000000000e+00,3.370209291983957467e+00,3.317929795802184056e+00,4.044251150380748783e+01,3.981515754962620690e+01,2.258584376175839736e+00
3.000000000000000000e+00,3.427742815937270926e+00,3.145321305252720467e+00,4.113291379124724756e+01,3.774385566303264739e+01,6.904022874397597320e-01
3.000000000000000000e+00,3.590444359629926030e+00,3.152337082250323608e+00,4.308533231555911414e+01,3.782804498700388507e+01,1.952418524311866577e+00
3.000000000000000000e+00,3.279031874726471063e+00,3.268170882872331706e+00,3.934838249671765453e+01,3.921805059446798225e+01,-3.736949818841459603e+00
3.000000000000000000e+00,3.518418343154059880e+00,3.277264101177069122e+00,4.222102011784871678e+01,3.932716921412482947e+01,2.872637621131062247e+00
3.000000000000000000e+00,3.496395817670048256e+00,3.176461450589456614e+00,4.195674981204057730e+01,3.811753740707347760e+01,-2.642703058081394829e-01
3.000000000000000000e+00,3.493647400016035132e+00,3.226256475702866666e+00,4.192376880019241980e+01,3.871507770843439999e+01,-3.298101184815749320e-02
3.000000000000000000e+00,2.671339983473781210e+00,2.461012563043391665e+00,3.205607980168537097e+01,2.953215075652069999e+01,-9.867688998507048836e+00
3.000000000000000000e+00,1.760911434778897888e+00,1.718861986151577703e+00,2.113093721734677644e+01,2.062634383381893244e+01,-1.092514258433859453e+01
3.000000000000000000e+00,1.551547699030544791e+00,1.721313649754565578e+00,1.861857238836653750e+01,2.065576379705478871e+01,-2.512364828980238940e+00
3.000000000000000000e+00,1.769458502453809867e+00,1.739824198969702751e+00,2.123350202944571663e+01,2.087789038763643390e+01,2.614929641079179135e+00
3.000000000000000000e+00,1.998069836002340560e+00,3.298133195831781883e+00,2.397683803202808761e+01,3.957759834998138615e+01,2.743336002582370980e+00
3.000000000000000000e+00,1.998069836002340560e+00,1.998069836002340560e+00,2.397683803202808761e+01,2.397683803202808761e+01,0.000000000000000000e+00
4.000000000000000000e+00,2.048385297950422179e-01,2.707648590503614616e-01,2.458062357540506504e+00,3.249178308604337317e+00,-2.151877567448758199e+01
4.000000000000000000e+00,1.792354155775249536e-01,4.818970998460446187e-01,2.150824986930299332e+00,5.782765198152535646e+00,-3.072373706102071722e-01
4.000000000000000000e+00,4.298739975238166644e-01,2.054513099526414366e-01,5.158487970285800195e+00,2.465415719431697461e+00,3.007662983355500863e+00
4.000000000000000000e+00,1.338041354114944959e+00,4.469957229480309713e-01,1.605649624937933950e+01,5.363948675376371433e+00,1.089800827909353842e+01
4.000000000000000000e+00,7.175205358346095075e-01,4.570802387535780609e-01,8.610246430015314090e+00,5.484962865042936286e+00,-7.446249819364025413e+00
4.000000000000000000e+00,2.249984151882451044e+00,1.655115298780800437e+00,2.699980982258941253e+01,1.986138358536960524e+01,1.838956339257409667e+01
4.000000000000000000e+00,3.525057861533087422e-01,2.178093170693421732e-01,4.230069433839704907e+00,2.613711804832106189e+00,-2.276974038874970674e+01
4.000000000000000000e+00,4.995146548572337308e-01,8.277026424024093165e-01,5.994175858286804548e+00,9.932431708828911354e+00,1.764106424447099641e+00
4.000000000000000000e+00,6.030654548295449890e-01,5.317433920790585189e-01,7.236785457954539424e+00,6.380920704948701783e+00,1.242609599667734877e+00
4.000000000000000000e+00,4.200416312266001539e-01,4.556956059772355183e-01,5.040499574719201625e+00,5.468347271726826442e+00,-2.196285883235337799e+00
4.000000000000000000e+00,2.900361991588749078e-01,3.050155441689508806e-01,3.480434389906498893e+00,3.660186530027410790e+00,-1.560065184812702732e+00
4.000000000000000000e+00,2.444402673066547460e-01,3.750213092676735194e-01,2.933283207679856730e+00,4.500255711212082232e+00,-5.471511822266421632e-01
4.000000000000000000e+00,1.940353820048102140e-01,6.029205338284860938e-01,2.328424584057722679e+00,7.235046405941833569e+00,-6.048586236221340506e-01
4.000000000000000000e+00,4.393813505488812221e-01,3.343362596855292690e-01,5.272576206586574443e+00,4.012035116226351228e+00,2.944151622528851764e+00
4.000000000000000000e+00,6.783467473357626121e-01,5.524719782037567084e-01,8.140160968029151789e+00,6.629663738445080057e+00,2.867584761442577346e+00
4.000000000000000000e+00,2.801939603128110190e-01,4.000266600875533318e-01,3.362327523753732450e+00,4.800319921050640204e+00,-4.777833444275419339e+00
4.000000000000000000e+00,5.760123841390222266e-01,5.584314177071428853e-01,6.912148609668266275e+00,6.701177012485715068e+00,3.549821085914533825e+00
4.000000000000000000e+00,3.448457149692956691e-01,2.720040676770532073e-01,4.138148579631548252e+00,3.264048812124638488e+00,-2.774000030036718023e+00
4.000000000000000000e+00,5.741206038151470681e-01,4.378350479422858377e-01,6.889447245781765261e+00,5.254020575307429830e+00,2.751298666150217009e+00
4.000000000000000000e+00,2.118116784442572176e-01,6.748505229319530230e-01,2.541740141331086722e+00,8.098206275183436276e+00,-4.347707104450678983e+00
4.000000000000000000e+00,9.835688445965043436e-02,3.014744659655995140e-01,1.180282613515805323e+00,3.617693591587194391e+00,-1.361457527815281399e+00
4.000000000000000000e+00,5.855365670923523558e-01,4.916803413235497078e-01,7.026438805108227825e+00,5.900164095882596271e+00,5.846156191592422502e+00
4.000000000000000000e+00,3.380456301564179200e-01,4.200416312266001539e-01,4.056547561877015262e+00,5.040499574719201625e+00,-2.969891243231212563e+00
4.000000000000000000e+00,3.330078100000122276e-01,1.924598948150350319e-01,3.996093720000146732e+00,2.309518737780420494e+00,-6.045384187686853039e-02
4.000000000000000000e+00,3.532740369023508742e-01,5.957646033962552545e-01,4.239288442828210712e+00,7.149175240755063498e+00,2.431947228280639806e-01
4.000000000000000000e+00,3.044635984942672402e-01,0.000000000000000000e+00,3.653563181931207104e+00,0.000000000000000000e+00,-5.857252608970036079e-01
4.000000000000000000e+00,2.312409302511679587e-01,2.850776823272596072e-01,2.774891163014015394e+00,3.420932187927115287e+00,-8.786720189171917106e-01
4.000000000000000000e+00,4.747732420677134857e-01,6.948469770153483660e-01,5.697278904812561606e+00,8.338163724184180836e+00,2.922387741798546212e+00
4.000000000000000000e+00,3.885973261939947299e-01,2.423923266559226963e-01,4.663167914327936536e+00,2.908707919871072356e+00,-1.034110990484625070e+00
4.000000000000000000e+00,7.656477440586866301e-01,7.429637825770257775e-01,9.187772928704239561e+00,8.915565390924308886e+00,4.524605014376303025e+00
4.000000000000000000e+00,4.918790921384713077e-01,3.015244773349746721e-01,5.902549105661655915e+00,3.618293728019696065e+00,-3.285223823042583646e+00
4.000000000000000000e+00,3.962716738624196822e-01,3.080285033178105092e-01,4.755260086349036186e+00,3.696342039813726110e+00,-1.147289019312619729e+00
4.000000000000000000e+00,0.000000000000000000e+00,2.877039960918231221e-01,0.000000000000000000e+00,3.452447953101877687e+00,-4.755260086349036186e+00
4.000000000000000000e+00,5.393018565953886512e-01,3.793368780026897258e-01,6.471622279144663814e+00,4.552042536032276487e+00,6.471622279144663814e+00
4.000000000000000000e+00,4.080385168446151734e-01,4.366768033767446933e-01,4.896462202135381858e+00,5.240121640520936097e+00,-1.575160077009281956e+00
4.000000000000000000e+00,1.054888184093827341e+00,9.368864336243625246e-01,1.265865820912592810e+01,1.124263720349235030e+01,7.762196006990546238e+00
4.000000000000000000e+00,0.000000000000000000e+00,1.996389737089637184e-01,0.000000000000000000e+00,2.395667684507564843e+00,-1.265865820912592810e+01
4.000000000000000000e+00,1.011331273185074986e+00,2.618450729198033566e-01,1.213597527822090072e+01,3.142140875037640058e+00,1.213597527822090072e+01
4.000000000000000000e+00,0.000000000000000000e+00,4.055560749397901232e-01,0.000000000000000000e+00,4.866672899277481257e+00,-1.213597527822090072e+01
4.000000000000000000e+00,5.375676279749060926e-01,2.325674749540947994e-01,6.450811535698873556e+00,2.790809699449137593e+00,6.450811535698873556e+00
4.000000000000000000e+00,0.000000000000000000e+00,2.956541008125738168e-01,0.000000000000000000e+00,3.547849209750885802e+00,-6.450811535698873556e+00
4.000000000000000000e+00,7.890759783451277709e-01,5.948629480062694874e-01,9.468911740141532363e+00,7.138355376075233849e+00,9.468911740141532363e+00
4.000000000000000000e+00,0.000000000000000000e+00,3.868169038060084719e-01,0.000000000000000000e+00,4.641802845672101441e+00,-9.468911740141532363e+00
4.000000000000000000e+00,5.613020459135886764e-01,6.730644612394788284e-01,6.735624550963064117e+00,8.076773534873746385e+00,6.735624550963064117e+00
4.000000000000000000e+00,0.000000000000000000e+00,2.998876848056156175e-01,0.000000000000000000e+00,3.598652217667387632e+00,-6.735624550963064117e+00
4.000000000000000000e+00,3.438302245778277477e-01,2.922359502205473247e-01,4.125962694933932973e+00,3.506831402646567675e+00,4.125962694933932973e+00
4.000000000000000000e+00,0.000000000000000000e+00,1.924965109222283866e-01,0.000000000000000000e+00,2.309958131066740528e+00,-4.125962694933932973e+00
4.000000000000000000e+00,0.000000000000000000e+00,2.844476259896134285e-01,0.000000000000000000e+00,3.413371511875361364e+00,0.000000000000000000e+00
4.000000000000000000e+00,0.000000000000000000e+00,0.000000000000000000e+00,0.000000000000000000e+00,0.000000000000000000e+00,0.000000000000000000e+00
4.000000000000000000e+00,0.000000000000000000e+00,0.000000000000000000e+00,0.000000000000000000e+00,0.000000000000000000e+00,0.000000000000000000e+00
4.000000000000000000e+00,8.321530888029270434e-01,5.080193353929727262e-01,9.985837065635124077e+00,6.096232024715672715e+00,9.985837065635124077e+00
4.000000000000000000e+00,8.321530888029270434e-01,8.321530888029270434e-01,9.985837065635124077e+00,9.985837065635124077e+00,0.000000000000000000e+00
5.000000000000000000e+00,1.306958730066623442e+00,2.176442759576992625e+00,1.568350476079948130e+01,2.611731311492390972e+01,5.697667695164357227e+00
5.000000000000000000e+00,1.160356583797461205e+00,2.278426291044020946e+00,1.392427900556953446e+01,2.734111549252825313e+01,-1.759225755229946841e+00
5.000000000000000000e+00,1.752086043694419892e+00,1.540231283473171509e+00,2.102503252433303871e+01,1.848277540167805810e+01,7.100753518763504246e+00
5.000000000000000000e+00,1.364709866586542697e+00,1.737913220761430289e+00,1.637651839903851325e+01,2.085495864913716346e+01,-4.648514125294525456e+00
5.000000000000000000e+00,1.708064907382699227e+00,1.884599151770358860e+00,2.049677888859239161e+01,2.261518982124430721e+01,4.120260489553878358e+00
5.000000000000000000e+00,2.024717914121295870e+00,2.199257867492320440e+00,2.429661496945555044e+01,2.639109440990784350e+01,3.799836080863158827e+00
5.000000000000000000e+00,1.731064707524603064e+00,2.098394988372652037e+00,2.077277649029523587e+01,2.518073986047182444e+01,-3.523838479160314563e+00
5.000000000000000000e+00,2.366510285982673434e+00,2.032816272334214691e+00,2.839812343179207943e+01,2.439379526801057807e+01,7.625346941496843556e+00
5.000000000000000000e+00,2.388074267717085419e+00,2.754899609324727550e+00,2.865689121260502503e+01,3.305879531189673060e+01,2.587677808129456025e-01
5.000000000000000000e+00,2.389708508036246570e+00,2.188060064705918073e+00,2.867650209643495884e+01,2.625672077647101688e+01,1.961088382993381174e-02
5.000000000000000000e+00,2.370124580723665719e+00,2.619500347587357059e+00,2.844149496868399041e+01,3.143400417104828648e+01,-2.350071277509684364e-01
5.000000000000000000e+00,2.468774990491585442e+00,2.292211685752773231e+00,2.962529988589902530e+01,2.750654022903327700e+01,1.183804917215034891e+00
5.000000000000000000e+00,3.009089944912990422e+00,2.338841882103947167e+00,3.610907933895588684e+01,2.806610258524736423e+01,6.483779453056861541e+00
5.000000000000000000e+00,2.472763387396620161e+00,2.197955989599214011e+00,2.967316064875944193e+01,2.637547187519056990e+01,-6.435918690196444913e+00
5.000000000000000000e+00,2.715424583262084468e+00,2.311699535126868987e+00,3.258509499914501362e+01,2.774039442152242785e+01,2.911934350385571690e+00
5.000000000000000000e+00,2.589152817823066055e+00,2.376682121452589946e+00,3.106983381387679088e+01,2.852018545743107936e+01,-1.515261185268222732e+00
5.000000000000000000e+00,2.306584582370966086e+00,2.378868768494989627e+00,2.767901498845159125e+01,2.854642522193987730e+01,-3.390818825425199634e+00
5.000000000000000000e+00,2.801563959015323402e+00,2.269322045374824626e+00,3.361876750818387904e+01,2.723186454449789551e+01,5.939752519732287794e+00
5.000000000000000000e+00,2.426303070834712639e+00,2.332352339507520966e+00,2.911563685001654989e+01,2.798822807409025160e+01,-4.503130658167329159e+00
5.000000000000000000e+00,2.370268288690700498e+00,2.020284414240978599e+00,2.844321946428840420e+01,2.424341297089174319e+01,-6.724173857281456890e-01
5.000000000000000000e+00,2.369944699225563944e+00,2.483610067795709586e+00,2.843933639070676733e+01,2.980332081354851681e+01,-3.883073581636864446e-03
5.000000000000000000e+00,2.772937781361644927e+00,2.577387319143388034e+00,3.327525337633974090e+01,3.092864782972065640e+01,4.835916985632973564e+00
5.000000000000000000e+00,2.468126557655685449e+00,2.121427134039716833e+00,2.961751869186822717e+01,2.545712560847660200e+01,-3.657734684471513731e+00
5.000000000000000000e+00,1.987758759068215753e+00,2.009349014021459823e+00,2.385310510881858903e+01,2.411218816825751787e+01,-5.764413583049638135e+00
5.000000000000000000e+00,2.038664219056532723e+00,1.853403140362020585e+00,2.446397062867839267e+01,2.224083768434424613e+01,6.108655198598036407e-01
5.000000000000000000e+00,2.407964377328998484e+00,2.448887292314119168e+00,2.889557252794798359e+01,2.938664750776943180e+01,4.431601899269590916e+00
5.000000000000000000e+00,2.775782825690164213e+00,2.447030299413693211e+00,3.330939390828196878e+01,2.936436359296431675e+01,4.413821380333985189e+00
5.000000000000000000e+00,2.359070351571491475e+00,2.341618984708361495e+00,2.830884421885789948e+01,2.809942781650033794e+01,-5.000549689424069300e+00
5.000000000000000000e+00,2.580525847723124322e+00,2.442158844793093309e+00,3.096631017267749186e+01,2.930590613751711970e+01,2.657465953819592386e+00
5.000000000000000000e+00,1.950118700562942786e+00,1.921752181933050307e+00,2.340142440675531432e+01,2.306102618319660280e+01,-7.564885765922177541e+00
5.000000000000000000e+00,2.984161440059769799e+00,2.389636110471723196e+00,3.580993728071723581e+01,2.867563332566067658e+01,1.240851287396192149e+01
5.000000000000000000e+00,1.850061055068192406e+00,1.659457993739968495e+00,2.220073266081831065e+01,1.991349592487962283e+01,-1.360920461989892516e+01
5.000000000000000000e+00,2.586274931675512256e+00,2.748081307171317267e+00,3.103529918010614708e+01,3.297697568605580898e+01,8.834566519287836428e+00
5.000000000000000000e+00,2.515476908392296540e+00,1.972947026660546888e+00,3.018572290070756026e+01,2.367536431992656176e+01,-8.495762793985868200e-01
5.000000000000000000e+00,2.585713447470030957e+00,2.008988900709293368e+00,3.102856136964037148e+01,2.410786680851152042e+01,8.428384689328112245e-01
5.000000000000000000e+00,2.598023675070134875e+00,2.267083509368530869e+00,3.117628410084162027e+01,2.720500211242237043e+01,1.477227312012487914e-01
5.000000000000000000e+00,2.315750335717285058e+00,1.794239539190128463e+00,2.778900402860742247e+01,2.153087447028154244e+01,-3.387280072234197803e+00
5.000000000000000000e+00,1.962599417616350816e+00,1.976638020668029405e+00,2.355119301139620802e+01,2.371965624801635286e+01,-4.237811017211214448e+00
5.000000000000000000e+00,2.303438311516539549e+00,2.550966865024428376e+00,2.764125973819847459e+01,3.061160238029314229e+01,4.090066726802266572e+00
5.000000000000000000e+00,2.257751437838235287e+00,1.901659780572708014e+00,2.709301725405882166e+01,2.281991736687249528e+01,-5.482424841396529303e-01
5.000000000000000000e+00,3.035919696856044681e+00,2.269618668905537540e+00,3.643103636227253617e+01,2.723542402686645048e+01,9.338019108213714503e+00
5.000000000000000000e+00,2.567291806462684622e+00,1.863378879460430015e+00,3.080750167755221725e+01,2.236054655352516107e+01,-5.623534684720318921e+00
5.000000000000000000e+00,2.169381268520150563e+00,1.884387791929244660e+00,2.603257522224180676e+01,2.261265350315093769e+01,-4.774926455310410489e+00
5.000000000000000000e+00,1.889089096735495632e+00,2.015373932798871337e+00,2.266906916082594847e+01,2.418448719358645604e+01,-3.363506061415858284e+00
5.000000000000000000e+00,2.595123304507608086e+00,2.255805692674594187e+00,3.114147965409129881e+01,2.706966831209513202e+01,8.472410493265350340e+00
5.000000000000000000e+00,2.161513511567761725e+00,1.984124497667212994e+00,2.593816213881314070e+01,2.380949397200655682e+01,-5.203317515278158112e+00
5.000000000000000000e+00,1.735180737906778736e+00,1.532989825801381656e+00,2.082216885488134395e+01,1.839587790961657987e+01,-5.115993283931796753e+00
5.000000000000000000e+00,2.943777077578970225e+00,2.223992854494056370e+00,3.532532493094764448e+01,2.668791425392867467e+01,1.450315607606630053e+01
5.000000000000000000e+00,1.864577288303608027e+00,1.901748721073579063e+00,2.237492745964329544e+01,2.282098465288294875e+01,-1.295039747130434904e+01
5.000000000000000000e+00,1.433146470229917480e+00,1.522153336277485058e+00,1.719775764275900798e+01,1.826584003532981981e+01,-5.177169816884287457e+00
5.000000000000000000e+00,1.119246870208837397e+00,2.088818462074448767e+00,1.343096244250604876e+01,2.506582154489338521e+01,-3.766795200252959219e+00
5.000000000000000000e+00,9.151291538672751136e-01,1.589898211451667320e+00,1.098154984640730092e+01,1.907877853742000696e+01,-2.449412596098747841e+00
5.000000000000000000e+00,2.542628179978187575e+00,2.103224418935456086e+00,3.051153815973825090e+01,2.523869302722547303e+01,1.952998831333094998e+01
5.000000000000000000e+00,7.148618232078209900e-01,1.496878131172040050e+00,8.578341878493851880e+00,1.796253757406448059e+01,-2.193319628124439902e+01
5.000000000000000000e+00,6.369157145961549249e-01,1.607270677264243330e+00,7.642988575153859543e+00,1.928724812717091908e+01,-9.353533033399923369e-01
5.000000000000000000e+00,7.119906743793231740e-01,2.114808059528659800e+00,8.543888092551878088e+00,2.537769671434391938e+01,9.008995173980185456e-01
5.000000000000000000e+00,1.111324387228589394e+00,3.236843835553631976e+00,1.333589264674307273e+01,3.884212602664358371e+01,4.792004554191194643e+00
5.000000000000000000e+00,1.111324387228589394e+00,1.111324387228589394e+00,1.333589264674307273e+01,1.333589264674307273e+01,0.000000000000000000e+00
6.000000000000000000e+00,3.634522125450750929e-01,4.322974841320809669e-01,4.361426550540901559e+00,5.187569809584971381e+00,-8.974466096202171173e+00
6.000000000000000000e+00,7.100424017712022584e-01,6.738866542997310471e-01,8.520508821254427545e+00,8.086639851596771678e+00,4.159082270713525986e+00
6.000000000000000000e+00,3.931321537074841110e-01,2.858981836029978463e-01,4.717585844489809332e+00,3.430778203235973933e+00,-3.802922976764618213e+00
6.000000000000000000e+00,3.913182627753306053e-01,5.468176839888045926e-01,4.695819153303967042e+00,6.561812207865655111e+00,-2.176669118584229068e-02
6.000000000000000000e+00,5.100060472246880083e-01,5.383363396565724601e-01,6.120072566696256544e+00,6.460036075878869966e+00,1.424253413392289502e+00
6.000000000000000000e+00,3.267130395513362373e-01,1.961272333713758864e-01,3.920556474616034848e+00,2.353526800456510415e+00,-2.199516092080221696e+00
6.000000000000000000e+00,4.534590253647904912e-01,5.712289192900343870e-01,5.441508304377485672e+00,6.854747031480412645e+00,1.520951829761450824e+00
6.000000000000000000e+00,3.481789425218145828e-01,5.021509839421269827e-01,4.178147310261774550e+00,6.025811807305523793e+00,-1.263360994115711122e+00
6.000000000000000000e+00,4.876428843069031682e-01,2.447697004204108795e-01,5.851714611682838019e+00,2.937236405044930443e+00,1.673567301421063469e+00
6.000000000000000000e+00,3.694439547001392987e-01,5.370411365815797033e-01,4.433327456401671363e+00,6.444493638978956440e+00,-1.418387155281166656e+00
6.000000000000000000e+00,3.580019204151231871e-01,2.637835629791010494e-01,4.296023044981478023e+00,3.165402755749212815e+00,-1.373044114201933397e-01
6.000000000000000000e+00,4.282755982151092988e-01,6.520849691117210911e-01,5.139307178581312030e+00,7.825019629340653537e+00,8.432841335998340071e-01
6.000000000000000000e+00,5.153650542854518735e-01,1.939640200864210795e-01,6.184380651425422926e+00,2.327568241037052843e+00,1.045073472844110896e+00
6.000000000000000000e+00,3.962881970357649553e-01,4.469476722807223523e-01,4.755458364429179241e+00,5.363372067368668006e+00,-1.428922286996243685e+00
6.000000000000000000e+00,8.223367353164674487e-01,9.472196481997101625e-01,9.868040823797610273e+00,1.136663577839652106e+01,5.112582459368431032e+00
6.000000000000000000e+00,8.333617230985874702e-01,5.040433521376527226e-01,1.000034067718305053e+01,6.048520225651833115e+00,1.322998533854402581e-01
6.000000000000000000e+00,8.376230209752795197e-01,9.342541505144524860e-01,1.005147625170335424e+01,1.121104980617342939e+01,5.113557452030370598e-02
6.000000000000000000e+00,8.527839332806524952e-01,7.938854573936698911e-01,1.023340719936783039e+01,9.526625488724038249e+00,1.819309476644761503e-01
6.000000000000000000e+00,1.497702916359572312e+00,1.472504169600819424e+00,1.797243499631486685e+01,1.767005003520983308e+01,7.739027796947036464e+00
6.000000000000000000e+00,1.488951801182782697e+00,1.669399887813279415e+00,1.786742161419339325e+01,2.003279865375935387e+01,-1.050133821214735974e-01
6.000000000000000000e+00,3.090906485896831035e-01,5.821812891969143644e-01,3.709087783076197020e+00,6.986175470362972817e+00,-1.415833383111719712e+01
6.000000000000000000e+00,5.867272320240576322e-01,2.737002918174358812e-01,7.040726784288692031e+00,3.284403501809230796e+00,3.331639001212495010e+00
6.000000000000000000e+00,5.647820270105802232e-01,3.007894224355906476e-01,6.777384324126963122e+00,3.609473069227087549e+00,-2.633424601617289085e-01
6.000000000000000000e+00,8.839350537873822411e-01,1.112546656399383993e+00,1.060722064544858689e+01,1.335055987679260880e+01,3.829836321321623771e+00
6.000000000000000000e+00,1.701922205957866030e+00,1.321884879561377124e+00,2.042306647149439414e+01,1.586261855473652460e+01,9.815845826045807243e+00
6.000000000000000000e+00,9.871223565546632939e-01,7.632817526342881020e-01,1.184546827865595908e+01,9.159381031611456336e+00,-8.577598192838435054e+00
6.000000000000000000e+00,9.809515138525035649e-01,1.088746890309613136e+00,1.177141816623004189e+01,1.306496268371535763e+01,-7.405011242591719167e-02
6.000000000000000000e+00,9.306633581606374994e-01,8.329426833801329977e-01,1.116796029792764955e+01,9.995312200561595972e+00,-6.034578683023923418e-01
6.000000000000000000e+00,8.082345961330655859e-01,7.933210738697098474e-01,9.698815153596786587e+00,9.519852886436517281e+00,-1.469145144330862962e+00
6.000000000000000000e+00,1.308236223875402171e+00,7.021712843266714188e-01,1.569883468650482605e+01,8.426055411920057026e+00,6.000019532908039466e+00
6.000000000000000000e+00,9.795291259908630588e-01,1.547921378476563525e+00,1.175434951189035715e+01,1.857505654171876230e+01,-3.944485174614468903e+00
6.000000000000000000e+00,1.068986438558786167e+00,8.965395207168891378e-01,1.282783726270543312e+01,1.075847424860267054e+01,1.073487750815075970e+00
6.000000000000000000e+00,9.197943815864256800e-01,1.037257901015769646e+00,1.103753257903710860e+01,1.244709481218923486e+01,-1.790304683668324515e+00
6.000000000000000000e+00,1.070914332274518266e+00,9.767352317853399413e-01,1.285097198729421919e+01,1.172082278142407930e+01,1.813439408257110586e+00
6.000000000000000000e+00,1.135799939027056560e+00,8.659680199894427277e-01,1.362959926832467872e+01,1.039161623987331318e+01,7.786272810304595282e-01
6.000000000000000000e+00,9.931221453822498546e-01,1.076419182822223153e+00,1.191746574458699826e+01,1.291703019386667783e+01,-1.712133523737680463e+00
6.000000000000000000e+00,9.476010302513284689e-01,7.853049805836008757e-01,1.137121236301594251e+01,9.423659767003210064e+00,-5.462533815710557406e-01
6.000000000000000000e+00,7.547206929260241726e-01,2.214500018317086649e+00,9.056648315112290959e+00,2.657400021980503979e+01,-2.314564047903651556e+00
6.000000000000000000e+00,2.178639394904062332e+00,1.008329262740526477e+00,2.614367273884874976e+01,1.209995115288631773e+01,1.708702442373645880e+01
6.000000000000000000e+00,1.119371793261328740e+00,1.187694250530312301e+00,1.343246151913594488e+01,1.425233100636374672e+01,-1.271121121971280488e+01
6.000000000000000000e+00,1.051213202582123474e+00,1.193915239950561036e+00,1.261455843098548257e+01,1.432698287940673154e+01,-8.179030881504623096e-01
6.000000000000000000e+00,1.082735637725753763e+00,1.043204684233522528e+00,1.299282765270904605e+01,1.251845621080227033e+01,3.782692217235634757e-01
6.000000000000000000e+00,1.367117357186516058e+00,1.128356624496851257e+00,1.640540828623819181e+01,1.354027949396221508e+01,3.412580633529145757e+00
6.000000000000000000e+00,9.465719667833953910e-01,8.935605908388764007e-01,1.135886360140074558e+01,1.072272709006651681e+01,-5.046544684837446226e+00
6.000000000000000000e+00,1.069887838101749367e+00,1.126066762147324596e+00,1.283865405722099240e+01,1.351280114576789515e+01,1.479790455820246819e+00
6.000000000000000000e+00,9.826924284757480033e-01,1.409829078715682638e+00,1.179230914170897648e+01,1.691794894458818987e+01,-1.046344915512015916e+00
6.000000000000000000e+00,1.408412399662000603e+00,9.520005717014760060e-01,1.690094879594400723e+01,1.142400686041771252e+01,5.108639654235030747e+00
6.000000000000000000e+00,7.507227374238446549e-01,9.624305277630058608e-01,9.008672849086135415e+00,1.154916633315606944e+01,-7.892275946857871816e+00
6.000000000000000000e+00,1.465311235457110284e+00,1.180128393766380235e+00,1.758373482548532252e+01,1.416154072519656282e+01,8.575061976399187103e+00
6.000000000000000000e+00,1.290435364527939610e+00,3.484241377745150858e-01,1.548522437433527443e+01,4.181089653294181474e+00,-2.098510451150048084e+00
6.000000000000000000e+00,1.243945674512735078e+00,2.480290255784066922e+00,1.492734809415282093e+01,2.976348306940880306e+01,-5.578762801824534989e-01
6.000000000000000000e+00,1.177922995576811127e+00,1.175563623877043051e+00,1.413507594692173441e+01,1.410676348652451750e+01,-7.922721472310865209e-01
6.000000000000000000e+00,1.388041528500178590e+00,1.356605606968650957e+00,1.665649834200214485e+01,1.627926728362380970e+01,2.521422395080410439e+00
6.000000000000000000e+00,1.447921066184858496e+00,1.687639390061373312e+00,1.737505279421830195e+01,2.025167268073647975e+01,7.185544522161571024e-01
6.000000000000000000e+00,1.088143063583099757e+00,9.145610113301192445e-01,1.305771676299719708e+01,1.097473213596143182e+01,-4.317336031221104875e+00
6.000000000000000000e+00,1.625065489753372949e+00,1.516540590310668124e+00,1.950078587704047450e+01,1.819848708372801838e+01,6.443069114043277423e+00
6.000000000000000000e+00,1.395941354123549916e+00,1.479000684841166091e+00,1.675129624948259988e+01,1.774800821809399309e+01,-2.749489627557874627e+00
6.000000000000000000e+00,1.539059818626936416e+00,1.533128236610339146e+00,1.846871782352323521e+01,1.839753883932407064e+01,1.717421574040635335e+00
6.000000000000000000e+00,1.388419806184604255e+00,1.606441073779995676e+00,1.666103767421525106e+01,1.927729288535994812e+01,-1.807680149307984152e+00
6.000000000000000000e+00,1.545680542289457726e+00,1.398101275901264984e+00,1.854816650747349271e+01,1.677721531081517981e+01,1.887128833258241656e+00
6.000000000000000000e+00,1.586288273426578854e+00,1.921114885424374474e+00,1.903545928111894625e+01,2.305337862509249192e+01,4.872927736454535363e-01
6.000000000000000000e+00,1.632642152273861003e+00,1.582456404920864701e+00,1.959170582728633292e+01,1.898947685905037730e+01,5.562465461673866685e-01
6.000000000000000000e+00,1.639963279955120479e+00,1.328550170450752965e+00,1.967955935946144663e+01,1.594260204540903558e+01,8.785353217511371327e-02
6.000000000000000000e+00,1.573736363779760561e+00,2.111182537667257719e+00,1.888483636535712762e+01,2.533419045200709263e+01,-7.947229941043190138e-01
6.000000000000000000e+00,1.982285538416466597e+00,1.833395775287505858e+00,2.378742646099760094e+01,2.200074930345007118e+01,4.902590095640473322e+00
6.000000000000000000e+00,1.729046932865769159e+00,1.522231124677289493e+00,2.074856319438923080e+01,1.826677349612747392e+01,-3.038863266608370139e+00
6.000000000000000000e+00,1.553371298709280479e+00,1.452497096851672609e+00,1.864045558451136486e+01,1.742996516222007131e+01,-2.108107609877865940e+00
6.000000000000000000e+00,1.427960743288686052e+00,2.321879496202885473e+00,1.713552891946423173e+01,2.786255395443462390e+01,-1.504926665047133127e+00
6.000000000000000000e+00,1.639804022072332890e+00,1.736248630308929508e+00,1.967764826486799379e+01,2.083498356370715499e+01,2.542119345403762054e+00
6.000000000000000000e+00,8.850412559489166942e-01,1.397327512790077053e+00,1.062049507138700122e+01,1.676793015348092553e+01,-9.057153193480992570e+00
6.000000000000000000e+00,7.640323787155613999e-01,9.958799859547803335e-01,9.168388544586736799e+00,1.195055983145736356e+01,-1.452106526800264419e+00
6.000000000000000000e+00,1.624963277245849325e+00,2.198816233059909031e+00,1.949955932695019101e+01,2.638579479671890837e+01,1.033117078236345421e+01
6.000000000000000000e+00,9.956583257641220541e-01,1.933693725481364423e+00,1.194789990916946465e+01,2.320432470577637218e+01,-7.551659417780726358e+00
6.000000000000000000e+00,8.167151442900275615e-01,9.622057205373408806e-01,9.800581731480331626e+00,1.154646864644809057e+01,-2.147318177689133023e+00
6.000000000000000000e+00,1.238319625611312480e+00,1.438763522535819295e+00,1.485983550733574887e+01,1.726516227042983331e+01,5.059253775855417246e+00
6.000000000000000000e+00,1.238319625611312480e+00,1.238319625611312480e+00,1.485983550733574887e+01,1.485983550733574887e+01,0.000000000000000000e+00
7.000000000000000000e+00,1.486908018352416816e+00,1.493349395918113887e+00,1.784289622022900090e+01,1.792019275101736753e+01,2.983060712893252031e+00
7.000000000000000000e+00,1.726247404086141080e+00,1.692020105241998973e+00,2.071496884903369207e+01,2.030424126290398590e+01,2.872072628804691163e+00
7.000000000000000000e+00,1.318871133129932316e+00,2.102033418242905682e+00,1.582645359755918690e+01,2.522440101891486819e+01,-4.888515251474505163e+00
7.000000000000000000e+00,1.088200934084741833e+00,1.411198290332355221e+00,1.305841120901690289e+01,1.693437948398826265e+01,-2.768042388542284016e+00
7.000000000000000000e+00,1.750630418874284278e+00,1.893930565267578414e+00,2.100756502649141311e+01,2.272716678321094008e+01,7.949153817474510220e+00
7.000000000000000000e+00,1.802822056002187256e+00,1.477446531685981501e+00,2.163386467202624885e+01,1.772935838023177979e+01,6.262996455348357472e-01
7.000000000000000000e+00,2.623279765587594348e+00,2.527804193380250197e+00,3.147935718705113217e+01,3.033365032056300237e+01,9.845492515024883318e+00
7.000000000000000000e+00,2.840968760324591891e+00,2.302516971690392378e+00,3.409162512389509914e+01,2.763020366028470676e+01,2.612267936843966964e+00
7.000000000000000000e+00,2.424361892362736803e+00,2.361062304418379831e+00,2.909234270835284164e+01,2.833274765302055798e+01,-4.999282415542257496e+00
7.000000000000000000e+00,2.679773918330761617e+00,2.084441517448163417e+00,3.215728701996913941e+01,2.501329820937796100e+01,3.064944311616297767e+00
7.000000000000000000e+00,1.855260308289111482e+00,2.122549127360249699e+00,2.226312369946933956e+01,2.547058952832299639e+01,-9.894163320499799852e+00
7.000000000000000000e+00,2.315749665350451014e+00,2.250129673997446123e+00,2.778899598420541395e+01,2.700155608796935525e+01,5.525872284736074391e+00
7.000000000000000000e+00,2.504553920612218043e+00,2.063706189651142164e+00,3.005464704734661652e+01,2.476447427581370420e+01,2.265651063141202570e+00
7.000000000000000000e+00,2.744024329891889380e+00,2.187525009654029962e+00,3.292829195870267256e+01,2.625030011584836132e+01,2.873644911356056042e+00
7.000000000000000000e+00,1.970243170908250629e+00,2.222747124978460498e+00,2.364291805089900578e+01,2.667296549974152597e+01,-9.285373907803666782e+00
7.000000000000000000e+00,2.879264995538247440e+00,2.065207830647173726e+00,3.455117994645897284e+01,2.478249396776608648e+01,1.090826189555996706e+01
7.000000000000000000e+00,2.070287869440436079e+00,2.431419417604591349e+00,2.484345443328523118e+01,2.917703301125509796e+01,-9.707725513173741660e+00
7.000000000000000000e+00,2.282212552805169103e+00,2.268076251444257174e+00,2.738655063366202924e+01,2.721691501733108609e+01,2.543096200376798066e+00
7.000000000000000000e+00,2.416188160997144507e+00,2.195346685625723993e+00,2.899425793196573409e+01,2.634416022750868791e+01,1.607707298303704846e+00
7.000000000000000000e+00,2.260493186842738478e+00,2.033498987776615863e+00,2.712591824211285996e+01,2.440198785331939035e+01,-1.868339689852874130e+00
7.000000000000000000e+00,1.936200096943726079e+00,1.664686277325433617e+00,2.323440116332471206e+01,1.997623532790520429e+01,-3.891517078788147899e+00
7.000000000000000000e+00,2.013918671599785437e+00,1.978615210235434629e+00,2.416702405919742347e+01,2.374338252282521466e+01,9.326228958727114104e-01
7.000000000000000000e+00,2.233340827946295626e+00,2.143335439626493866e+00,2.680008993535554751e+01,2.572002527551792639e+01,2.633065876158124041e+00
7.000000000000000000e+00,2.154203075549982138e+00,1.807819683855237169e+00,2.585043690659978566e+01,2.169383620626284426e+01,-9.496530287557618522e-01
7.000000000000000000e+00,2.257219587362439217e+00,2.226708251571202890e+00,2.708663504834927238e+01,2.672049901885443290e+01,1.236198141749486723e+00
7.000000000000000000e+00,1.833561485653175893e+00,2.028625856874474387e+00,2.200273782783811072e+01,2.434351028249369264e+01,-5.083897220511161663e+00
7.000000000000000000e+00,2.224019503577206791e+00,1.796553021208616707e+00,2.668823404292648149e+01,2.155863625450340137e+01,4.685496215088370775e+00
7.000000000000000000e+00,2.401417366006369125e+00,2.279813435081967654e+00,2.881700839207643128e+01,2.735776122098361185e+01,2.128774349149949785e+00
7.000000000000000000e+00,9.958771160553713031e+00,9.775497355747612360e+00,2.881700839207643128e+01,2.735776122098361185e+01,0.000000000000000000e+00
8.000000000000000000e+00,1.893008106958762982e+00,1.572870700098063290e+00,2.271609728350515667e+01,1.887444840117676037e+01,-6.100911108571274610e+00
8.000000000000000000e+00,2.373965895629717604e+00,2.068232450122596155e+00,2.848759074755660947e+01,2.481878940147115387e+01,5.771493464051452804e+00
8.000000000000000000e+00,1.678946901634305711e+00,1.973415979319114166e+00,2.014736281961166853e+01,2.368099175182937088e+01,-8.340227927944940944e+00
8.000000000000000000e+00,2.505340498901346802e+00,2.105495709251677283e+00,3.006408598681615985e+01,2.526594851102012740e+01,9.916723167204491318e+00
8.000000000000000000e+00,1.834828998577032300e+00,1.932757750017166654e+00,2.201794798292438671e+01,2.319309300020599807e+01,-8.046138003891773138e+00
8.000000000000000000e+00,2.220045364302606572e+00,1.872541939439689385e+00,2.664054437163127886e+01,2.247050327327627173e+01,4.622596388706892157e+00
8.000000000000000000e+00,1.789491892745216806e+00,2.041827623385791934e+00,2.147390271294260344e+01,2.450193148062950144e+01,-5.166641658688675420e+00
8.000000000000000000e+00,2.023370733118735387e+00,1.889611472215966037e+00,2.428044879742482465e+01,2.267533766659159156e+01,2.806546084482221204e+00
8.000000000000000000e+00,2.455408205862792403e+00,1.519707496244902423e+00,2.946489847035351062e+01,1.823648995493882907e+01,5.184449672928685970e+00
8.000000000000000000e+00,2.293697370870999563e+00,2.183153771418106182e+00,2.752436845045199476e+01,2.619784525701727418e+01,-1.940530019901515857e+00
8.000000000000000000e+00,1.562004478187032808e+00,1.597588976503212521e+00,1.874405373824439280e+01,1.917106771803855025e+01,-8.780314712207601957e+00
8.000000000000000000e+00,1.744581501265507484e+00,2.287114331375735166e+00,2.093497801518608981e+01,2.744537197650882376e+01,2.190924276941697002e+00
8.000000000000000000e+00,1.817935942268892546e+00,1.711970320014211788e+00,2.181523130722671056e+01,2.054364384017054235e+01,8.802532920406207495e-01
8.000000000000000000e+00,2.162668043492164571e+00,1.781504190562348988e+00,2.595201652190597486e+01,2.137805028674818786e+01,4.136785214679264300e+00
8.000000000000000000e+00,2.222407180395391979e+00,1.722967426205749053e+00,2.666888616474470552e+01,2.067560911446899041e+01,7.168696428387306696e-01
8.000000000000000000e+00,1.976153724084703800e+00,2.173537446728039058e+00,2.371384468901644738e+01,2.608244936073646869e+01,-2.955041475728258149e+00
8.000000000000000000e+00,2.316122417189000249e+00,1.456375243346626380e+00,2.779346900626800476e+01,1.747650292015951834e+01,4.079624317251557386e+00
8.000000000000000000e+00,2.035132274864983160e+00,2.343828129178813668e+00,2.442158729837979791e+01,2.812593755014576402e+01,-3.371881707888206847e+00
8.000000000000000000e+00,1.527768646950572018e+00,2.217070085270291813e+00,1.833322376340686333e+01,2.660484102324350175e+01,-6.088363534972934588e+00
8.000000000000000000e+00,2.135432643264799868e+00,1.692267335134048700e+00,2.562519171917760019e+01,2.030720802160858440e+01,7.291967955770736864e+00
8.000000000000000000e+00,2.367966506826419071e+00,2.124122777839926091e+00,2.841559808191702885e+01,2.548947333407911486e+01,2.790406362739428658e+00
8.000000000000000000e+00,1.961398517458625479e+00,1.842347190302524140e+00,2.353678220950350664e+01,2.210816628363028968e+01,-4.878815872413522214e+00
8.000000000000000000e+00,1.681841440484831640e+00,2.279886659704958074e+00,2.018209728581798146e+01,2.735863991645949511e+01,-3.354684923685525177e+00
8.000000000000000000e+00,1.223258406200676829e+00,1.592773170846730091e+00,1.467910087440812106e+01,1.911327805016076198e+01,-5.502996411409860400e+00
8.000000000000000000e+00,8.568702767249400942e-01,1.027864332398626734e+00,1.028244332069928113e+01,1.233437198878351992e+01,-4.396657553708839927e+00
8.000000000000000000e+00,2.689159007915059352e+00,2.274879511607663218e+00,3.226990809498071400e+01,2.729855413929195862e+01,2.198746477428143464e+01
8.000000000000000000e+00,6.028740200142641559e-01,1.304795782282455407e+00,7.234488240171169871e+00,1.565754938738946578e+01,-2.503541985480954324e+01
8.000000000000000000e+00,1.692105048744315443e+00,1.415781156109933603e+00,2.030526058493178709e+01,1.698937387331920235e+01,1.307077234476061633e+01
8.000000000000000000e+00,5.636057789259886208e-01,2.304162625211810589e+00,6.763269347111863894e+00,2.764995150254172529e+01,-1.354199123781992320e+01
8.000000000000000000e+00,5.636057789259886208e-01,5.636057789259886208e-01,6.763269347111863894e+00,6.763269347111863894e+00,0.000000000000000000e+00
9.000000000000000000e+00,9.848826142864143263e-01,2.000966569837197895e+00,1.181859137143697147e+01,2.401159883804637474e+01,5.055322024325107577e+00
9.000000000000000000e+00,7.626402301331539624e-01,1.101943544988147394e+00,9.151682761597847104e+00,1.322332253985776873e+01,-2.666908609839124367e+00
9.000000000000000000e+00,9.254879615239551827e-01,1.346515541639687008e+00,1.110585553828746264e+01,1.615818649967624410e+01,1.954172776689615532e+00
9.000000000000000000e+00,1.192251952677224613e+00,1.757827990254460016e+00,1.430702343212669447e+01,2.109393588305351841e+01,3.201167893839231837e+00
9.000000000000000000e+00,7.838441827857032251e-01,1.128968632492023172e+00,9.406130193428438702e+00,1.354762358990427806e+01,-4.900893238698255772e+00
9.000000000000000000e+00,1.168030026815597866e+00,1.629761564157681253e+00,1.401636032178717528e+01,1.955713876989217681e+01,4.610230128358736579e+00
9.000000000000000000e+00,1.920446006484717305e+00,1.670069890441112426e+00,2.304535207781660944e+01,2.004083868529334822e+01,9.028991756029434157e+00
9.000000000000000000e+00,6.327253955785361317e-01,2.064834449641180125e+00,7.592704746942433580e+00,2.477801339569415973e+01,-1.545264733087417497e+01
9.000000000000000000e+00,2.235468678288592415e+00,1.746486845585800030e+00,2.682562413946310897e+01,2.095784214702960213e+01,1.923291939252067451e+01
9.000000000000000000e+00,2.519633671000878206e+00,4.392443942932390932e+00,3.023560405201053669e+01,5.270932731518868763e+01,3.409979912547427716e+00
9.000000000000000000e+00,1.602996557328547178e+00,1.212346463148471942e+00,1.923595868794256702e+01,1.454815755778166420e+01,-1.099964536406796967e+01
9.000000000000000000e+00,1.124178548282613432e+00,1.047994909702918864e+00,1.349014257939136030e+01,1.257593891643502637e+01,-5.745816108551206725e+00
9.000000000000000000e+00,4.401754502773872701e+00,4.980912972546772899e+00,5.282105403328647242e+01,5.977095567056127834e+01,3.933091145389511212e+01
9.000000000000000000e+00,8.542488534639357534e-01,6.456754503380081056e-01,1.025098624156722948e+01,7.748105404056097711e+00,-4.257006779171923938e+01
9.000000000000000000e+00,1.875938449438333766e+00,1.518249260012615842e+00,2.251126139326000697e+01,1.821899112015139011e+01,1.226027515169277748e+01
9.000000000000000000e+00,1.753382793180501054e+01,1.890594699669948753e+01,2.251126139326000697e+01,1.821899112015139011e+01,0.000000000000000000e+00
1.000000000000000000e+01,1.559115935091864857e+00,2.163226645477622334e+00,1.870939122110237918e+01,2.595871974573146801e+01,-3.801870172157627792e+00
1.000000000000000000e+01,9.140484233670288505e-01,1.501066537204518880e+00,1.096858108040434665e+01,1.801279844645422656e+01,-7.740810140698032527e+00
1.000000000000000000e+01,1.089366560053631972e+00,9.314530315158308094e-01,1.307239872064358366e+01,1.117743637818997016e+01,2.103817640239237008e+00
1.000000000000000000e+01,1.469208976807464095e+00,2.363567046863988885e+00,1.763050772168956826e+01,2.836280456236786662e+01,4.558109001045984598e+00
1.000000000000000000e+01,1.259463066670507114e+00,1.525601407524795672e+00,1.511355680004608537e+01,1.830721689029754629e+01,-2.516950921643482886e+00
1.000000000000000000e+01,4.625419974861312844e-01,1.623863169940741535e+00,5.550503969833575191e+00,1.948635803928889842e+01,-9.563052830212509292e+00
1.000000000000000000e+01,1.446244014781694176e+00,1.571559060745311820e+00,1.735492817738033011e+01,1.885870872894374273e+01,1.180442420754675581e+01
1.000000000000000000e+01,1.359672257647166038e+00,1.583020382350313504e+00,1.631606709176599423e+01,1.899624458820376205e+01,-1.038861085614335877e+00
1.000000000000000000e+01,7.633335516902126638e-01,1.172570598637998618e+00,9.160002620282551078e+00,1.407084718365598341e+01,-7.156064471483443157e+00
1.000000000000000000e+01,1.195879191542647435e+00,1.269776930859001451e+00,1.435055029851177011e+01,1.523732317030801653e+01,5.190547678229219031e+00
1.000000000000000000e+01,9.588331957788234217e-01,1.582579863482924676e+00,1.150599834934588017e+01,1.899095836179509433e+01,-2.844551949165889937e+00
1.000000000000000000e+01,1.454875627375676439e+00,2.035946042763071784e+00,1.745850752850811816e+01,2.443135251315685963e+01,5.952509179162237984e+00
1.000000000000000000e+01,2.110140182345669135e+00,2.287418671107804169e+00,2.532168218814803140e+01,2.744902405329364825e+01,7.863174659639913244e+00
1.000000000000000000e+01,2.088831970649443814e+00,1.763013044075954605e+00,2.506598364779332400e+01,2.115615652891145615e+01,-2.556985403547074043e-01
1.000000000000000000e+01,1.932349548531173911e+00,2.002465654238502424e+00,2.318819458237408782e+01,2.402958785086202909e+01,-1.877789065419236181e+00
1.000000000000000000e+01,1.480909174383261417e+00,1.622208553810581932e+00,1.777091009259913790e+01,1.946650264572698319e+01,-5.417284489774949918e+00
1.000000000000000000e+01,2.092114270619883865e+00,1.705151117354649193e+00,2.510537124743860460e+01,2.046181340825578943e+01,7.334461154839466701e+00
1.000000000000000000e+01,2.666256682962636848e+00,2.392970361057841444e+00,3.199508019555164395e+01,2.871564433269409733e+01,6.889708948113039355e+00
1.000000000000000000e+01,9.997110070021688610e-01,1.352985933385339345e+00,1.199653208402602544e+01,1.623583120062407303e+01,-1.999854811152561851e+01
1.000000000000000000e+01,1.925746137609168906e+00,1.614648132971635341e+00,2.310895365131002777e+01,1.937577759565962410e+01,1.111242156728400232e+01
1.000000000000000000e+01,1.887328210137857676e+00,1.814765441357929943e+00,2.264793852165429300e+01,2.177718529629515842e+01,-4.610151296557347678e-01
1.000000000000000000e+01,1.790691559977448444e+00,1.665247803250520242e+00,2.148829871972938221e+01,1.998297363900624291e+01,-1.159639801924910785e+00
1.000000000000000000e+01,1.779750892725993960e+00,1.714768358276713034e+00,2.135701071271192575e+01,2.057722029932055818e+01,-1.312880070174564651e-01
1.000000000000000000e+01,1.587582309903147859e+00,1.615257972843782808e+00,1.905098771883777431e+01,1.938309567412539280e+01,-2.306022993874151439e+00
1.000000000000000000e+01,1.596082935080303411e+00,1.771394039552047106e+00,1.915299522096363916e+01,2.125672847462456616e+01,1.020075021258648462e-01
1.000000000000000000e+01,1.565986527810103057e+00,1.436932977379122400e+00,1.879183833372123757e+01,1.724319572854946969e+01,-3.611568872424015808e-01
1.000000000000000000e+01,1.838182397757936348e+00,1.762282030011284695e+00,2.205818877309523529e+01,2.114738436013541545e+01,3.266350439373997716e+00
1.000000000000000000e+01,1.559298619843384692e+00,1.493496628906405777e+00,1.871158343812061631e+01,1.792195954687687021e+01,-3.346605334974618984e+00
1.000000000000000000e+01,1.469209404542572983e+00,1.461336011763417986e+00,1.763051285451087580e+01,1.753603214116101583e+01,-1.081070583609740510e+00
1.000000000000000000e+01,1.967985754197389747e+00,1.779409426339170874e+00,2.361582905036867785e+01,2.135291311607004872e+01,5.985316195857802057e+00
1.000000000000000000e+01,1.316153649308069440e+00,1.651513501184008081e+00,1.579384379169683328e+01,1.981816201420809875e+01,-7.821985258671844576e+00
1.000000000000000000e+01,1.485634620060271693e+00,1.467214455306535381e+00,1.782761544072326032e+01,1.760657346367842280e+01,2.033771649026427042e+00
1.000000000000000000e+01,1.549029761192507681e+00,1.402005614732983796e+00,1.858835713431009395e+01,1.682406737679580644e+01,7.607416935868336338e-01
1.000000000000000000e+01,1.569329515078994097e+00,1.453845860199971307e+00,1.883195418094792828e+01,1.744615032239965657e+01,2.435970466378343247e-01
1.000000000000000000e+01,1.589613994112371254e+00,1.375673494841825883e+00,1.907536792934845593e+01,1.650808193810190971e+01,2.434137484005276519e-01
1.000000000000000000e+01,1.678481872313080769e+00,1.636940574883385180e+00,2.014178246775696834e+01,1.964328689860062127e+01,1.066414538408512414e+00
1.000000000000000000e+01,1.561524764680478183e+00,1.450280792667095753e+00,1.873829717616573731e+01,1.740336951200514903e+01,-1.403485291591231032e+00
1.000000000000000000e+01,1.740467859884929913e+00,1.685808484197609758e+00,2.088561431861915807e+01,2.022970181037131709e+01,2.147317142453420757e+00
1.000000000000000000e+01,1.520893625574010199e+00,1.344223406624091677e+00,1.825072350688812151e+01,1.613068087948909834e+01,-2.634890811731036564e+00
1.000000000000000000e+01,1.457058259365093811e+00,1.292538733506887638e+00,1.748469911238112573e+01,1.551046480208265166e+01,-7.660243945069957761e-01
1.000000000000000000e+01,1.646453368930787420e+00,1.668352334921010094e+00,1.975744042716944904e+01,2.002022801905211935e+01,2.272741314788323308e+00
1.000000000000000000e+01,1.520105769445218691e+00,1.343599619769195508e+00,1.824126923334262429e+01,1.612319543723034698e+01,-1.516171193826824748e+00
1.000000000000000000e+01,1.800555690338476289e+00,1.835648054412839514e+00,2.160666828406171547e+01,2.202777665295407417e+01,3.365399050719091179e+00
1.000000000000000000e+01,1.431860559157544843e+00,1.439047987765784908e+00,1.718232670989053901e+01,1.726857585318941801e+01,-4.424341574171176461e+00
1.000000000000000000e+01,1.702600065596833856e+00,1.543760164585193273e+00,2.043120078716200538e+01,1.852512197502231928e+01,3.248874077271466376e+00
1.000000000000000000e+01,1.660088712174621728e+00,1.362865679524667639e+00,1.992106454609546162e+01,1.635438815429601078e+01,-5.101362410665437608e-01
1.000000000000000000e+01,1.432454679900446504e+00,1.485797262863355117e+00,1.718945615880535627e+01,1.782956715436026229e+01,-2.731608387290105355e+00
1.000000000000000000e+01,1.677021936807102209e+00,1.411476653777134160e+00,2.012426324168522740e+01,1.693771984532560992e+01,2.934807082879871132e+00
1.000000000000000000e+01,1.035665726055295055e+00,7.282684804779414600e-01,1.242798871266354155e+01,8.739221765735297964e+00,-7.696274529021685851e+00
1.000000000000000000e+01,2.378399585935011551e+00,1.928694056805404067e+00,2.854079503122013861e+01,2.314432868166484880e+01,1.611280631855659706e+01
1.000000000000000000e+01,1.786852624348312935e+00,1.663451424218760577e+00,2.144223149217975433e+01,1.996141709062512604e+01,-7.098563539040384285e+00
1.000000000000000000e+01,2.239127655534423944e+00,1.834418446070029463e+00,2.686953186641308733e+01,2.201302135284035444e+01,5.427300374233333002e+00
1.000000000000000000e+01,2.281339640437789029e+00,1.885106288159206445e+00,2.737607568525346835e+01,2.262127545791047822e+01,5.065438188403810216e-01
1.000000000000000000e+01,7.529100255873745873e+00,1.211748579858688046e+01,2.737607568525346835e+01,2.262127545791047822e+01,0.000000000000000000e+00
1.000000000000000000e+01,2.364041801796458842e+00,2.284921009426029492e+00,2.836850162155750610e+01,2.741905211311235391e+01,9.924259363040377480e-01
1.000000000000000000e+01,2.328451471016847130e+00,1.794859565598307061e+00,2.794141765220216556e+01,2.153831478717968650e+01,-4.270839693553405425e-01
1.000000000000000000e+01,3.588001885727165607e+00,3.323020921882196443e+00,4.305602262872598374e+01,3.987625106258635554e+01,1.511460497652381818e+01
1.000000000000000000e+01,3.465235261827547486e+00,4.119306397938020226e+00,4.158282314193056806e+01,4.943167677525624271e+01,-1.473199486795415680e+00
1.000000000000000000e+01,4.685934514871302525e+00,6.793131720189203193e+00,5.623121417845563030e+01,4.943167677525624271e+01,1.464839103652506225e+01
1.000000000000000000e+01,1.618580972971281673e+00,1.552408882858459238e+00,1.942297167565537919e+01,1.862890659430151175e+01,-3.680824250280025467e+01
1.000000000000000000e+01,1.506983030245194088e+00,1.573856433414464018e+00,1.808379636294232995e+01,1.888627720097356644e+01,-1.339175312713049237e+00
1.000000000000000000e+01,4.158718283858546805e+00,4.075280199191484876e+00,4.990461940630255810e+01,4.890336239029781495e+01,3.182082304336022816e+01
1.000000000000000000e+01,1.496106224053691314e+00,1.473892453273986547e+00,1.795327468864429576e+01,1.768670943928783856e+01,-3.195134471765826234e+01
1.000000000000000000e+01,1.259355994908541332e+00,1.031263518457577355e+00,1.511227193890249509e+01,1.237516222149092826e+01,-2.841002749741800670e+00
1.000000000000000000e+01,4.072317899571236133e+00,3.741810444869662522e+00,4.886781479485483715e+01,4.490172533843595204e+01,3.375554285595234205e+01
1.000000000000000000e+01,9.360389744722145133e-01,5.449063015468779136e-01,1.123246769366657460e+01,6.538875618562535408e+00,-3.763534710118825899e+01
1.000000000000000000e+01,1.375699119442683971e+00,1.589349777647347084e+00,1.650838943331220676e+01,1.907219733176816590e+01,5.275921739645632158e+00
1.000000000000000000e+01,2.379829771498246149e+00,2.244173603685728491e+00,2.855795725797895557e+01,2.693008324422874011e+01,1.204956782466674881e+01
1.000000000000000000e+01,8.597267428809254319e-01,3.868097901689206974e-01,1.031672091457110518e+01,4.641717482027048369e+00,-1.824123634340784861e+01
1.000000000000000000e+01,6.554754740024520965e-01,9.903642030458936762e-01,7.865705688029425602e+00,1.188437043655072500e+01,-2.451015226541679581e+00
1.000000000000000000e+01,9.248624595036881724e-01,8.951726919455431641e-01,1.109834951404425851e+01,1.074207230334651797e+01,3.232643826014832911e+00
1.000000000000000000e+01,7.835975082216485532e+00,8.232317898352912167e+00,1.109834951404425851e+01,1.074207230334651797e+01,0.000000000000000000e+00
1.100000000000000000e+01,5.017615220554018096e-01,1.225990399604482528e+00,6.021138264664822159e+00,1.471188479525379122e+01,-5.077211249379436353e+00
1.100000000000000000e+01,5.734217859561379083e-01,5.624898488943460562e-01,6.881061431473654899e+00,6.749878186732152230e+00,8.599231668088327396e-01
1.100000000000000000e+01,3.740496876378238134e-01,4.031530266642963656e-01,4.488596251653885538e+00,4.837836319971556165e+00,-2.392465179819769361e+00
1.100000000000000000e+01,4.563746951992100342e-01,4.602250389879048997e-01,5.476496342390520411e+00,5.522700467854859241e+00,9.879000907366348727e-01
1.100000000000000000e+01,3.608239894767603650e-01,8.408664309129390002e-01,4.329887873721124159e+00,1.009039717095526711e+01,-1.146608468669396252e+00
1.100000000000000000e+01,1.909999914080723615e-01,1.932150889923597847e-01,2.291999896896868449e+00,2.318581067908317195e+00,-2.037887976824255709e+00
1.100000000000000000e+01,4.585483763332448559e-01,3.385912826813954335e-01,5.502580515998937827e+00,4.063095392176744980e+00,3.210580619102069377e+00
1.100000000000000000e+01,3.018477812433205121e-01,3.150987530218666843e-01,3.622173374919846367e+00,3.781185036262399990e+00,-1.880407141079091460e+00
1.100000000000000000e+01,4.579234885697436863e-01,3.486586282485724109e-01,5.495081862836924458e+00,4.183903538982868930e+00,1.872908487917078091e+00
1.100000000000000000e+01,2.002652643714185055e-01,1.464963168850595687e-01,2.403183172457022287e+00,1.757955802620714714e+00,-3.091898690379902170e+00
1.100000000000000000e+01,3.386432508771721195e-01,2.146334093499969731e-01,4.063719010526065212e+00,2.575600912199963677e+00,1.660535838069042924e+00
1.100000000000000000e+01,1.755539283528373129e-01,3.551139295957430053e-01,2.106647140234047644e+00,4.261367155148915842e+00,-1.957071870292017568e+00
1.100000000000000000e+01,2.232273487686143865e-01,2.803763025669552822e-01,2.678728185223372638e+00,3.364515630803463608e+00,5.720810449893249938e-01
1.100000000000000000e+01,6.324523926576651744e-01,3.322567330333761615e-01,7.589428711891981649e+00,3.987080796400514160e+00,4.910700526668609456e+00
1.100000000000000000e+01,1.981724830428873707e-01,9.841299454165561289e-02,2.378069796514648448e+00,1.180955934499867244e+00,-5.211358915377333645e+00
1.100000000000000000e+01,4.099538946414724716e-01,2.849695711129544007e-01,4.919446735697669659e+00,3.419634853355452808e+00,2.541376939183021211e+00
1.100000000000000000e+01,5.779491906323856037e-02,2.999323359964464197e-01,6.935390287588627523e-01,3.599188031957357037e+00,-4.225907706938807351e+00
1.100000000000000000e+01,1.628796991408955896e-01,0.000000000000000000e+00,1.954556389690746965e+00,0.000000000000000000e+00,1.261017360931884213e+00
1.100000000000000000e+01,2.570032937210386947e-01,2.907308629107395737e-01,3.084039524652464337e+00,3.488770354928874884e+00,1.129483134961717372e+00
1.100000000000000000e+01,6.068327904254455091e-02,0.000000000000000000e+00,7.281993485105345831e-01,0.000000000000000000e+00,-2.355840176141929643e+00
1.100000000000000000e+01,1.610129937384523757e-01,2.271805286215914377e-01,1.932155924861428620e+00,2.726166343459097252e+00,1.203956576350893926e+00
1.100000000000000000e+01,3.289962913737539685e-01,1.552258086932057080e-01,3.947955496485047622e+00,1.862709704318468606e+00,2.015799571623619002e+00
1.100000000000000000e+01,0.000000000000000000e+00,1.850392260301998160e-01,0.000000000000000000e+00,2.220470712362397681e+00,-3.947955496485047622e+00
1.100000000000000000e+01,2.191736636179417719e-01,2.710499311524649513e-01,2.630083963415301263e+00,3.252599173829579193e+00,2.630083963415301263e+00
1.100000000000000000e+01,0.000000000000000000e+00,0.000000000000000000e+00,0.000000000000000000e+00,0.000000000000000000e+00,-2.630083963415301263e+00
1.100000000000000000e+01,2.754089141004046337e-01,9.483239851370815765e-02,3.304906969204855827e+00,1.137988782164497836e+00,3.304906969204855827e+00
1.100000000000000000e+01,0.000000000000000000e+00,0.000000000000000000e+00,0.000000000000000000e+00,0.000000000000000000e+00,-3.304906969204855827e+00
1.100000000000000000e+01,2.152463230196573762e-01,1.366994181741124359e-01,2.582955876235888404e+00,1.640393018089349120e+00,2.582955876235888404e+00
1.100000000000000000e+01,0.000000000000000000e+00,0.000000000000000000e+00,0.000000000000000000e+00,0.000000000000000000e+00,-2.582955876235888404e+00
1.100000000000000000e+01,1.070810833949385338e-01,0.000000000000000000e+00,1.284973000739262350e+00,0.000000000000000000e+00,1.284973000739262350e+00
1.100000000000000000e+01,0.000000000000000000e+00,0.000000000000000000e+00,0.000000000000000000e+00,0.000000000000000000e+00,-1.284973000739262350e+00
1.100000000000000000e+01,0.000000000000000000e+00,0.000000000000000000e+00,0.000000000000000000e+00,0.000000000000000000e+00,0.000000000000000000e+00
1.100000000000000000e+01,0.000000000000000000e+00,2.657490586433294277e-01,0.000000000000000000e+00,3.188988703719953133e+00,0.000000000000000000e+00
1.100000000000000000e+01,0.000000000000000000e+00,0.000000000000000000e+00,0.000000000000000000e+00,0.000000000000000000e+00,0.000000000000000000e+00
1.100000000000000000e+01,0.000000000000000000e+00,0.000000000000000000e+00,0.000000000000000000e+00,0.000000000000000000e+00,0.000000000000000000e+00
1.200000000000000000e+01,1.993740615972881214e+00,1.800854506144361711e+00,2.392488739167457368e+01,2.161025407373234231e+01,2.392488739167457368e+01
1.200000000000000000e+01,1.537830116484856235e+00,1.516203240795540363e+00,1.845396139781827571e+01,1.819443888954648259e+01,-5.470925993856297964e+00
1.200000000000000000e+01,4.972787933183345110e+00,2.211718289196188625e+00,5.967345519820014488e+01,2.654061947035426527e+01,4.121949380038186916e+01
1.200000000000000000e+01,2.038156655851276255e+00,1.983372297809796070e+00,2.445787987021531507e+01,2.380046757371755461e+01,-3.521557532798482981e+01
1.200000000000000000e+01,2.225041080830177709e+00,2.093929799571979888e+00,2.670049296996213428e+01,2.512715759486376044e+01,2.242613099746819216e+00
1.200000000000000000e+01,1.461987260728763172e+00,1.529257646436385398e+00,1.754384712874515628e+01,1.835109175723662389e+01,-9.156645841216977999e+00
1.200000000000000000e+01,2.690407328349033733e+00,1.952677200092876264e+00,3.228488794018840480e+01,2.343212640111451606e+01,1.474104081144324851e+01
1.200000000000000000e+01,1.978498681890264566e+00,2.178688456910707671e+00,2.374198418268317567e+01,2.614426148292849206e+01,-8.542903757505229123e+00
1.200000000000000000e+01,2.062920732274381219e+00,1.856746826194435318e+00,2.475504878729257285e+01,2.228096191433322559e+01,1.013064604609397179e+00
1.200000000000000000e+01,1.372768174226151716e+00,1.802755439409549298e+00,1.647321809071382148e+01,2.163306527291459247e+01,-8.281830696578751372e+00
1.200000000000000000e+01,1.775161788846129296e+00,1.887561326300787989e+00,2.130194146615355066e+01,2.265073591560945587e+01,4.828723375439729182e+00
1.200000000000000000e+01,2.254577224795502488e+00,1.898174621044902199e+00,2.705492669754602986e+01,2.277809545253882817e+01,5.752985231392479193e+00
